ConstellationName,Index,RightAscension,Declination,Longitude,Latitude
AND,1,22.96435358,35.1682358,-15.53475,35.16824
AND,2,22.95619008,53.1680298,-15.65715,53.16803
AND,3,23.43019292,53.1870041,-8.54715,53.187
AND,4,23.4310455,50.6870193,-8.53425,50.68702
AND,5,23.68470381,50.6929131,-4.7295,50.69291
AND,6,23.68507192,48.6929169,-4.72395,48.69292
AND,7,0.2764245,48.6949348,4.1463,48.69493
AND,8,0.27621858,46.6949348,4.1433,46.69493
AND,9,0.98507181,46.6757545,14.77605,46.67575
AND,10,0.9859245,48.6757393,14.7888,48.67574
AND,11,1.23922719,48.663269,18.58845,48.66327
AND,12,1.24039358,50.6632347,18.60585,50.66323
AND,13,1.49386242,50.6478767,22.4079,50.64788
AND,14,1.79790158,50.6257439,26.9685,50.62574
AND,15,1.79542931,47.625843,26.93145,47.62584
AND,16,2.17476608,47.5927505,32.62155,47.59275
AND,17,2.17825342,51.0925827,32.67375,51.09258
AND,18,2.65903192,51.0423737,39.88545,51.04237
AND,19,2.64528942,37.2931557,39.67935,37.29316
AND,20,2.12473942,37.347084,31.8711,37.34708
AND,21,2.1236167,35.5971375,31.8543,35.59714
AND,22,1.527389,35.6453362,22.91085,35.64534
AND,23,1.52649508,33.6453705,22.8975,33.64537
AND,24,0.82953758,33.6818962,12.4431,33.6819
AND,25,0.82756608,24.4319324,12.41355,24.43193
AND,26,0.96160431,24.4266243,14.424,24.42662
AND,27,0.96098769,21.6766376,14.41485,21.67664
AND,28,0.24932808,21.6951923,3.73995,21.69519
AND,29,0.24937631,22.6951923,3.7407,22.69519
AND,30,0.17400108,22.6957588,2.61,22.69576
AND,31,0.1741895,28.6957588,2.61285,28.69576
AND,32,0.10708108,28.6960354,1.6062,28.69604
AND,33,0.10713181,32.0293655,1.60695,32.02937
AND,34,23.85524942,32.0285034,-2.17125,32.0285
AND,35,23.8552055,32.7785072,-2.17185,32.77851
AND,36,23.60327719,32.7746468,-5.9508,32.77465
AND,37,23.60294531,35.1913109,-5.95575,35.19131
ANT,38,9.46,-24.5425186,141.9,-24.54252
ANT,39,9.45,-37.2920151,141.75,-37.29202
ANT,40,9.45,-40.2918739,141.75,-40.29187
ANT,41,11.1,-40.4246216,166.5,-40.42462
ANT,42,11.1,-35.6746559,166.5,-35.67466
ANT,43,10.93,-35.6664963,163.95,-35.6665
ANT,44,10.93,-31.8332005,163.95,-31.8332
ANT,45,10.68,-31.8185863,160.2,-31.81859
ANT,46,10.68,-29.8186131,160.2,-29.81861
ANT,47,10.35,-29.7947845,155.25,-29.79478
ANT,48,10.35,-27.1281624,155.25,-27.12816
ANT,49,9.84,-27.0835037,147.6,-27.0835
ANT,50,9.85,-24.5835705,147.75,-24.58357
APS,51,13.94,-83.1200714,-150.9,-83.12007
APS,52,18.46,-82.4582748,-83.1,-82.45827
APS,53,18.28,-74.9745178,-85.8,-74.97452
APS,54,18.22,-67.4800797,-86.7,-67.48008
APS,55,17.72,-67.571106,-94.2,-67.57111
APS,56,17.22,-67.661087,-101.7,-67.66109
APS,57,17.23,-70.1597443,-101.55,-70.15974
APS,58,14.94,-70.5115433,-135.9,-70.51154
APS,59,13.83,-70.6244431,-152.55,-70.62444
APS,60,13.85,-75.6235962,-152.25,-75.6236
AQR,61,20.64,0.4361772,-50.4,0.43618
AQR,62,20.64,2.4360874,-50.4,2.43609
AQR,63,20.94,2.4773185,-45.9,2.47732
AQR,64,21.44,2.5393796,-38.4,2.53938
AQR,65,21.57,2.5544112,-36.45,2.55441
AQR,66,21.57,3.3043909,-36.45,3.30439
AQR,67,21.77,3.3256676,-33.45,3.32567
AQR,68,21.77,2.325691,-33.45,2.32569
AQR,69,22.11,2.3576119,-28.35,2.35761
AQR,70,22.11,2.6076074,-28.35,2.60761
AQR,71,22.86,2.6622071,-17.1,2.66221
AQR,72,22.86,0.6622211,-17.1,0.66222
AQR,73,22.86,-3.3377509,-17.1,-3.33775
AQR,74,23.94,-3.3042023,-0.9,-3.3042
AQR,75,23.94,-6.3042021,-0.9,-6.3042
AQR,76,23.94,-24.8042011,-0.9,-24.8042
AQR,77,23.11,-24.8250446,-13.35,-24.82504
AQR,78,21.98,-24.9040413,-30.3,-24.90404
AQR,79,21.98,-8.4043999,-30.3,-8.4044
AQR,80,21.44,-8.4602947,-38.4,-8.46029
AQR,81,21.45,-14.4601107,-38.25,-14.46011
AQR,82,20.65,-14.5631361,-50.25,-14.56314
AQR,83,20.65,-8.5634165,-50.25,-8.56342
AQL,84,18.69,0.1154895,-79.65,0.11549
AQL,85,18.69,2.115346,-79.65,2.11535
AQL,86,18.97,2.1659052,-75.45,2.16591
AQL,87,18.97,6.4156075,-75.45,6.41561
AQL,88,18.76,6.3791943,-78.6,6.37919
AQL,89,18.76,12.1287737,-78.6,12.12877
AQL,90,18.96,12.1651964,-75.6,12.1652
AQL,91,18.96,18.6647091,-75.6,18.66471
AQL,92,19.09,18.6882229,-73.65,18.68822
AQL,93,19.09,16.3550682,-73.65,16.35507
AQL,94,19.93,16.4957294,-61.05,16.49573
AQL,95,19.93,16.0790844,-61.05,16.07908
AQL,96,20.24,16.1275158,-56.4,16.12752
AQL,97,20.24,8.8779116,-56.4,8.87791
AQL,98,20.4,8.901824,-54,8.90182
AQL,99,20.41,2.4021468,-53.85,2.40215
AQL,100,20.64,2.4360874,-50.4,2.43609
AQL,101,20.64,0.4361772,-50.4,0.43618
AQL,102,20.65,-8.5634165,-50.25,-8.56342
AQL,103,20.11,-8.643075,-58.35,-8.64308
AQL,104,20.12,-11.6762342,-58.2,-11.67623
AQL,105,18.98,-11.866436,-75.3,-11.86644
AQL,106,18.98,-3.8336766,-75.3,-3.83368
AQL,107,18.69,-3.884223,-79.65,-3.88422
ARA,108,16.6,-60.2644577,-111,-60.26446
ARA,109,16.57,-45.7670517,-111.45,-45.76705
ARA,110,17.99,-45.516346,-90.15,-45.51635
ARA,111,18.15,-45.4859734,-87.75,-45.48597
ARA,112,18.18,-56.9837723,-87.3,-56.98377
ARA,113,17.68,-57.0747757,-94.8,-57.07478
ARA,114,17.72,-67.571106,-94.2,-67.57111
ARA,115,17.22,-67.661087,-101.7,-67.66109
ARA,116,17.05,-67.6905823,-104.25,-67.69058
ARA,117,17.04,-65.1916428,-104.4,-65.19164
ARA,118,16.95,-65.2062531,-105.75,-65.20625
ARA,119,16.95,-63.7900925,-105.75,-63.79009
ARA,120,16.78,-63.8189964,-108.3,-63.819
ARA,121,16.77,-61.2364578,-108.45,-61.23646
ARA,122,16.61,-61.2641945,-110.85,-61.26419
ARI,123,2.11,10.5143948,31.65,10.51439
ARI,124,1.78,10.5432396,26.7,10.54324
ARI,125,1.78,25.6263351,26.7,25.62634
ARI,126,2.03,25.6050701,30.45,25.60507
ARI,127,2.04,27.8550186,30.6,27.85502
ARI,128,2.54,27.8047638,38.1,27.80476
ARI,129,2.54,31.2213154,38.1,31.22132
ARI,130,2.84,31.1865025,42.6,31.1865
ARI,131,3.5,31.1003609,52.5,31.10036
ARI,132,3.49,19.4343338,52.35,19.43433
ARI,133,3.4,19.4461136,51,19.44611
ARI,134,3.4,10.3632069,51,10.36321
AUR,135,4.63,30.921875,69.45,30.92188
AUR,136,4.64,36.254715,69.6,36.25472
AUR,137,4.83,36.2218513,72.45,36.22185
AUR,138,4.86,52.7196465,72.9,52.71965
AUR,139,5.17,52.665554,77.55,52.66555
AUR,140,5.17,56.1648331,77.55,56.16483
AUR,141,6.28,55.9658089,94.2,55.96581
AUR,142,6.27,53.9662552,94.05,53.96626
AUR,143,6.67,53.8938293,100.05,53.89383
AUR,144,6.66,49.8945885,99.9,49.89459
AUR,145,6.96,49.8410034,104.4,49.841
AUR,146,6.95,44.3418388,104.25,44.34184
AUR,147,7.52,44.2435493,112.8,44.24355
AUR,148,7.5,35.2445297,112.5,35.24453
AUR,149,6.67,35.390564,100.05,35.39056
AUR,150,6.66,27.8913116,99.9,27.89131
AUR,151,6.01,28.0092907,90.15,28.00929
AUR,152,6.02,28.509243,90.3,28.50924
AUR,153,4.88,28.7124405,73.2,28.71244
AUR,154,4.88,30.2123089,73.2,30.21231
AUR,155,4.63,30.2552605,69.45,30.25526
BOO,156,15.19,7.525393,-132.15,7.52539
BOO,157,13.6,7.3605771,-156,7.36058
BOO,158,13.6,14.3604937,-156,14.36049
BOO,159,13.6,27.8603134,-156,27.86031
BOO,160,14.05,27.8976517,-149.25,27.89765
BOO,161,14.05,30.1475964,-149.25,30.1476
BOO,162,14.13,30.1545391,-148.05,30.15454
BOO,163,14.11,47.9039383,-148.35,47.90394
BOO,164,14.11,54.9035759,-148.35,54.90358
BOO,165,14.48,54.9422379,-142.8,54.94224
BOO,166,15.31,55.0448647,-130.35,55.04486
BOO,167,15.31,52.5451736,-130.35,52.54517
BOO,168,15.81,52.6174774,-122.85,52.61748
BOO,169,15.81,51.1176796,-122.85,51.11768
BOO,170,15.82,39.6189079,-122.7,39.61891
BOO,171,15.51,39.572113,-127.35,39.57211
BOO,172,15.52,32.5726128,-127.2,32.57261
BOO,173,15.27,32.5376778,-130.95,32.53768
BOO,174,15.27,25.5380573,-130.95,25.53806
BOO,175,15.17,25.5246105,-132.45,25.52461
CAE,176,4.34,-39.7007294,65.1,-39.70073
CAE,177,4.33,-48.6996651,64.95,-48.69967
CAE,178,4.56,-48.7384491,68.4,-48.73845
CAE,179,4.56,-46.2387962,68.4,-46.2388
CAE,180,4.89,-46.2959023,73.35,-46.2959
CAE,181,4.9,-42.7963676,73.5,-42.79637
CAE,182,5.06,-42.8255501,75.9,-42.82555
CAE,183,5.08,-27.0772038,76.2,-27.0772
CAE,184,4.92,-27.0479794,73.8,-27.04798
CAE,185,4.78,-27.0248775,71.7,-27.02488
CAE,186,4.78,-29.7746429,71.7,-29.77464
CAE,187,4.67,-29.7546597,70.05,-29.75466
CAE,188,4.66,-36.7540054,69.9,-36.75401
CAE,189,4.34,-36.7010231,65.1,-36.70102
CAM,190,6.28,55.9658089,94.2,55.96581
CAM,191,5.17,56.1648331,77.55,56.16483
CAM,192,5.17,52.665554,77.55,52.66555
CAM,193,4.86,52.7196465,72.9,52.71965
CAM,194,3.49,52.9366074,52.35,52.93661
CAM,195,3.49,55.4362831,52.35,55.43628
CAM,196,3.32,55.4596519,49.8,55.45965
CAM,197,3.33,57.4593849,49.95,57.45938
CAM,198,3.26,57.4684982,48.9,57.4685
CAM,199,3.29,68.4662857,49.35,68.46629
CAM,200,3.62,68.4214401,54.3,68.42144
CAM,201,3.69,77.4163132,55.35,77.41631
CAM,202,3.78,77.4025955,56.7,77.4026
CAM,203,3.84,80.3986664,57.6,80.39867
CAM,204,5.37,80.14785,80.55,80.14785
CAM,205,5.64,85.1239471,84.6,85.12395
CAM,206,8.53,84.6103745,127.95,84.61037
CAM,207,8.69,86.0975418,130.35,86.09754
CAM,208,14.2,85.930809,-147,85.93081
CAM,209,14.45,79.4449844,-143.25,79.44498
CAM,210,13.59,79.3629303,-156.15,79.36293
CAM,211,13.61,76.3638153,-155.85,76.36382
CAM,212,13.05,76.3289108,-164.25,76.32891
CAM,213,11.63,76.3084106,174.45,76.30841
CAM,214,11.64,79.308342,174.6,79.30834
CAM,215,10.85,79.3401794,162.75,79.34018
CAM,216,10.87,81.3396072,163.05,81.33961
CAM,217,9.48,81.4677658,142.2,81.46777
CAM,218,9.37,72.9741364,140.55,72.97414
CAM,219,8.21,73.1383743,123.15,73.13837
CAM,220,8.14,59.6433983,122.1,59.6434
CAM,221,7.18,59.8037262,107.7,59.80373
CAM,222,7.19,61.8031464,107.85,61.80315
CAM,223,6.29,61.9641266,94.35,61.96413
CNC,224,9.36,6.4700689,140.4,6.47007
CNC,225,8.19,6.6302376,122.85,6.63024
CNC,226,8.04,6.654985,120.6,6.65499
CNC,227,8.04,9.6548138,120.6,9.65481
CNC,228,7.92,9.6734257,118.8,9.67343
CNC,229,7.92,13.1732168,118.8,13.17322
CNC,230,7.93,19.6728077,118.95,19.67281
CNC,231,8,19.66082,120,19.66082
CNC,232,8.01,27.6602821,120.15,27.66028
CNC,233,8.13,27.6419144,121.95,27.64191
CNC,234,8.13,33.1415138,121.95,33.14151
CNC,235,9.38,32.9691162,140.7,32.96912
CVN,236,12.11,33.3039627,-178.35,33.30396
CVN,237,12.11,44.3039627,-178.35,44.30396
CVN,238,12.19,44.3043365,-177.15,44.30434
CVN,239,12.19,52.3043365,-177.15,52.30434
CVN,240,13.58,52.3598061,-156.3,52.35981
CVN,241,13.59,47.8599281,-156.15,47.85993
CVN,242,14.11,47.9039383,-148.35,47.90394
CVN,243,14.13,30.1545391,-148.05,30.15454
CVN,244,14.05,30.1475964,-149.25,30.1476
CVN,245,14.05,27.8976517,-149.25,27.89765
CVN,246,13.6,27.8603134,-156,27.86031
CVN,247,13.35,27.8437748,-159.75,27.84377
CVN,248,13.35,31.3437366,-159.75,31.34374
CVN,249,12.44,31.3074341,-173.4,31.30743
CVN,250,12.44,33.3074303,-173.4,33.30743
CMA,251,6.21,-11.0301533,93.15,-11.03015
CMA,252,7.46,-11.2521448,111.9,-11.25214
CMA,253,7.45,-33.2504692,111.75,-33.25047
CMA,254,6.66,-33.1128159,99.9,-33.11282
CMA,255,6.19,-33.0282326,92.85,-33.02823
CMA,256,6.2,-27.2787991,93,-27.2788
CMI,257,8.19,-0.36939,122.85,-0.36939
CMI,258,7.31,-0.224329,109.65,-0.22433
CMI,259,7.31,1.2755718,109.65,1.27557
CMI,260,7.12,1.3074419,106.8,1.30744
CMI,261,7.13,5.307168,106.95,5.30717
CMI,262,7.11,5.3100886,106.65,5.31009
CMI,263,7.11,9.8097754,106.65,9.80978
CMI,264,7.12,12.309598,106.8,12.3096
CMI,265,7.62,12.2238722,114.3,12.22387
CMI,266,7.62,13.2238064,114.3,13.22381
CMI,267,7.92,13.1732168,118.8,13.17322
CMI,268,7.92,9.6734257,118.8,9.67343
CMI,269,8.04,9.6548138,120.6,9.65481
CMI,270,8.04,6.654985,120.6,6.65499
CMI,271,8.19,6.6302376,122.85,6.63024
CAP,272,20.65,-8.5634165,-50.25,-8.56342
CAP,273,20.11,-8.643075,-58.35,-8.64308
CAP,274,20.12,-11.6762342,-58.2,-11.67623
CAP,275,20.13,-27.6419144,-58.05,-27.64191
CAP,276,20.46,-27.5913391,-53.1,-27.59134
CAP,277,21.46,-27.4596672,-38.1,-27.45967
CAP,278,21.45,-24.9597607,-38.25,-24.95976
CAP,279,21.98,-24.9040413,-30.3,-24.90404
CAP,280,21.98,-8.4043999,-30.3,-8.4044
CAP,281,21.44,-8.4602947,-38.4,-8.46029
CAP,282,21.45,-14.4601107,-38.25,-14.46011
CAP,283,20.65,-14.5631361,-50.25,-14.56314
CAR,284,11.34,-57.1843452,170.1,-57.18435
CAR,285,11.09,-57.1744423,166.35,-57.17444
CAR,286,8.89,-56.9739723,133.35,-56.97397
CAR,287,8.89,-54.9742203,133.35,-54.97422
CAR,288,8.5,-54.9204712,127.5,-54.92047
CAR,289,8.51,-53.4206772,127.65,-53.42068
CAR,290,8.22,-53.3782196,123.3,-53.37822
CAR,291,8.23,-51.1285286,123.45,-51.12853
CAR,292,8.06,-51.1025848,120.9,-51.10258
CAR,293,6.05,-50.7545471,90.75,-50.75455
CAR,294,6.05,-52.5042114,90.75,-52.50421
CAR,295,6.21,-52.5345764,93.15,-52.53458
CAR,296,6.21,-55.03405,93.15,-55.03405
CAR,297,6.54,-55.0945587,98.1,-55.09456
CAR,298,6.53,-58.0938416,97.95,-58.09384
CAR,299,6.87,-58.1537018,103.05,-58.1537
CAR,300,6.85,-64.1518784,102.75,-64.15188
CAR,301,9.07,-64.4990387,136.05,-64.49904
CAR,302,9.02,-75.4954681,135.3,-75.49547
CAR,303,11.32,-75.6840134,169.8,-75.68401
CAR,304,11.34,-64.6842651,170.1,-64.68427
CAS,305,22.96,53.1680298,-15.6,53.16803
CAS,306,22.95,56.9179611,-15.75,56.91796
CAS,307,22.95,59.7512321,-15.75,59.75123
CAS,308,23.26,59.7646751,-11.1,59.76468
CAS,309,23.25,63.6812897,-11.25,63.68129
CAS,310,23.68,63.6928787,-4.8,63.69288
CAS,311,23.68,66.6928711,-4.8,66.69287
CAS,312,0.45,66.6924438,6.75,66.69244
CAS,313,0.46,77.6923447,6.9,77.69234
CAS,314,3.69,77.4163132,55.35,77.41631
CAS,315,3.62,68.4214401,54.3,68.42144
CAS,316,3.29,68.4662857,49.35,68.46629
CAS,317,3.26,57.4684982,48.9,57.4685
CAS,318,2.58,57.5513,38.7,57.5513
CAS,319,2.59,59.0511551,38.85,59.05116
CAS,320,2.05,59.1046104,30.75,59.10461
CAS,321,2.05,58.1046753,30.75,58.10468
CAS,322,1.84,58.1227188,27.6,58.12272
CAS,323,1.84,54.6228828,27.6,54.62288
CAS,324,1.5,54.6477699,22.5,54.64777
CAS,325,1.49,50.6478767,22.35,50.64788
CAS,326,1.24,50.6632347,18.6,50.66323
CAS,327,1.24,48.663269,18.6,48.66327
CAS,328,0.99,48.6757393,14.85,48.67574
CAS,329,0.99,46.6757545,14.85,46.67575
CAS,330,0.28,46.6949348,4.2,46.69493
CAS,331,0.28,48.6949348,4.2,48.69493
CAS,332,23.69,48.6929169,-4.65,48.69292
CAS,333,23.68,50.6929131,-4.8,50.69291
CAS,334,23.43,50.6870193,-8.55,50.68702
CAS,335,23.43,53.1870041,-8.55,53.187
CEN,336,11.1,-35.6746559,166.5,-35.67466
CEN,337,11.1,-40.4246216,166.5,-40.42462
CEN,338,11.09,-57.1744423,166.35,-57.17444
CEN,339,11.34,-57.1843452,170.1,-57.18435
CEN,340,11.34,-64.6842651,170.1,-64.68427
CEN,341,11.94,-64.6957855,179.1,-64.69579
CEN,342,11.94,-55.6957932,179.1,-55.69579
CEN,343,12.96,-55.6771049,-165.6,-55.6771
CEN,344,12.96,-64.6769638,-165.6,-64.67696
CEN,345,13.65,-64.6379395,-155.25,-64.63794
CEN,346,14.7,-64.5390244,-139.5,-64.53902
CEN,347,14.68,-55.5400887,-139.8,-55.54009
CEN,348,14.31,-55.5799522,-145.35,-55.57995
CEN,349,14.3,-42.5806465,-145.5,-42.58065
CEN,350,15.05,-42.494175,-134.25,-42.49418
CEN,351,15.04,-29.9948788,-134.4,-29.99488
CEN,352,12.69,-30.1863899,-169.65,-30.18639
CEN,353,12.7,-33.6863785,-169.5,-33.68638
CEN,354,12.36,-33.6938934,-174.6,-33.69389
CEN,355,12.36,-35.6938896,-174.6,-35.69389
CEP,356,20.04,59.851078,-59.4,59.85108
CEP,357,20.03,61.8506203,-59.55,61.85062
CEP,358,20.45,61.9143791,-53.25,61.91438
CEP,359,20.43,67.4129562,-53.55,67.41296
CEP,360,20.69,67.449028,-49.65,67.44903
CEP,361,20.64,75.4455261,-50.4,75.44553
CEP,362,20.12,75.3708725,-58.2,75.37087
CEP,363,20.04,80.3647766,-59.4,80.36478
CEP,364,20.91,80.4867859,-46.35,80.48679
CEP,365,20.58,86.4656219,-51.3,86.46562
CEP,366,20.56,86.6306305,-51.6,86.63063
CEP,367,22.9,86.8368912,-16.5,86.83689
CEP,368,22.62,88.663887,-20.7,88.66389
CEP,369,9.06,87.5689163,135.9,87.56892
CEP,370,8.69,86.0975418,130.35,86.09754
CEP,371,8.53,84.6103745,127.95,84.61037
CEP,372,5.64,85.1239471,84.6,85.12395
CEP,373,5.37,80.14785,80.55,80.14785
CEP,374,3.84,80.3986664,57.6,80.39867
CEP,375,3.78,77.4025955,56.7,77.4026
CEP,376,3.69,77.4163132,55.35,77.41631
CEP,377,0.46,77.6923447,6.9,77.69234
CEP,378,0.45,66.6924438,6.75,66.69244
CEP,379,23.68,66.6928711,-4.8,66.69287
CEP,380,23.68,63.6928787,-4.8,63.69288
CEP,381,23.25,63.6812897,-11.25,63.68129
CEP,382,23.26,59.7646751,-11.1,59.76468
CEP,383,22.95,59.7512321,-15.75,59.75123
CEP,384,22.95,56.9179611,-15.75,56.91796
CEP,385,22.39,56.882576,-24.15,56.88258
CEP,386,22.4,55.6326256,-24,55.63263
CEP,387,22.21,55.6178436,-26.85,55.61784
CEP,388,22.21,53.3679428,-26.85,53.36794
CEP,389,22.04,53.3532715,-29.4,53.35327
CEP,390,22.04,55.4364891,-29.4,55.43649
CEP,391,20.66,55.2753258,-50.1,55.27533
CEP,392,20.64,61.3576965,-50.4,61.3577
CEP,393,20.58,61.3486443,-51.3,61.34864
CEP,394,20.58,59.9322395,-51.3,59.93224
CET,395,0.44,0.6925398,6.6,0.69254
CET,396,0.44,2.6925383,6.6,2.69254
CET,397,2.11,2.5978806,31.65,2.59788
CET,398,2.11,10.5143948,31.65,10.51439
CET,399,3.4,10.3632069,51,10.36321
CET,400,3.39,0.4469725,50.85,0.44697
CET,401,3.39,-1.3029516,50.85,-1.30295
CET,402,2.76,-1.2210265,41.4,-1.22103
CET,403,2.74,-23.8536034,41.1,-23.8536
CET,404,1.76,-23.756258,26.4,-23.75626
CET,405,1.76,-24.8729095,26.4,-24.87291
CET,406,23.94,-24.8042011,-0.9,-24.8042
CET,407,23.94,-6.3042021,-0.9,-6.3042
CET,408,0.44,-6.3074551,6.6,-6.30746
CHA,409,7.44,-82.7758865,111.6,-82.77589
CHA,410,13.94,-83.1200714,-150.9,-83.12007
CHA,411,13.85,-75.6235962,-152.25,-75.6236
CHA,412,11.32,-75.6840134,169.8,-75.68401
CHA,413,9.02,-75.4954681,135.3,-75.49547
CHA,414,7.61,-75.289917,114.15,-75.28992
CIR,415,13.65,-64.6379395,-155.25,-64.63794
CIR,416,13.65,-65.6378784,-155.25,-65.63788
CIR,417,13.82,-65.6249542,-152.7,-65.62495
CIR,418,13.83,-70.6244431,-152.55,-70.62444
CIR,419,14.94,-70.5115433,-135.9,-70.51154
CIR,420,14.93,-68.012207,-136.05,-68.01221
CIR,421,15.1,-67.9909286,-133.5,-67.99093
CIR,422,15.09,-64.0751266,-133.65,-64.07513
CIR,423,15.34,-64.0415649,-129.9,-64.04156
CIR,424,15.34,-61.4587479,-129.9,-61.45875
CIR,425,15.51,-61.4353065,-127.35,-61.43531
CIR,426,15.5,-60.4354935,-127.5,-60.43549
CIR,427,15.49,-55.4362831,-127.65,-55.43628
CIR,428,15.21,-55.4754944,-131.85,-55.47549
CIR,429,14.68,-55.5400887,-139.8,-55.54009
CIR,430,14.7,-64.5390244,-139.5,-64.53902
COL,431,5.06,-42.8255501,75.9,-42.82555
COL,432,5.08,-27.0772038,76.2,-27.0772
COL,433,6.2,-27.2787991,93,-27.2788
COL,434,6.19,-33.0282326,92.85,-33.02823
COL,435,6.66,-33.1128159,99.9,-33.11282
COL,436,6.65,-43.1116486,99.75,-43.11165
COL,437,6.06,-43.0057793,90.9,-43.00578
COM,438,11.97,13.3040485,179.55,13.30405
COM,439,11.97,28.3040466,179.55,28.30405
COM,440,12.11,28.3039627,-178.35,28.30396
COM,441,12.11,33.3039627,-178.35,33.30396
COM,442,12.44,33.3074303,-173.4,33.30743
COM,443,12.44,31.3074341,-173.4,31.30743
COM,444,13.35,31.3437366,-159.75,31.34374
COM,445,13.35,27.8437748,-159.75,27.84377
COM,446,13.6,27.8603134,-156,27.86031
COM,447,13.6,14.3604937,-156,14.36049
COM,448,12.94,14.3225088,-165.9,14.32251
COM,449,12.94,13.3225126,-165.9,13.32251
CRA,450,17.98,-37.0174599,-90.3,-37.01746
CRA,451,19.31,-36.7785645,-70.35,-36.77856
CRA,452,19.32,-45.277565,-70.2,-45.27757
CRA,453,18.15,-45.4859734,-87.75,-45.48597
CRA,454,17.99,-45.516346,-90.15,-45.51635
CRB,455,15.27,25.5380573,-130.95,25.53806
CRB,456,15.27,32.5376778,-130.95,32.53768
CRB,457,15.52,32.5726128,-127.2,32.57261
CRB,458,15.51,39.572113,-127.35,39.57211
CRB,459,15.82,39.6189079,-122.7,39.61891
CRB,460,16.4,39.7117195,-114,39.71172
CRB,461,16.42,26.7128716,-113.7,26.71287
CRB,462,16.25,26.685524,-116.25,26.68552
CRB,463,16.25,25.6855946,-116.25,25.68559
CRB,464,16.12,25.6641407,-118.2,25.66414
CRV,465,12.94,-11.6773882,-165.9,-11.67739
CRV,466,11.94,-11.695797,179.1,-11.6958
CRV,467,11.94,-25.1957951,179.1,-25.1958
CRV,468,12.69,-25.1864014,-169.65,-25.1864
CRV,469,12.69,-22.686409,-169.65,-22.68641
CRV,470,12.94,-22.6773415,-165.9,-22.67734
CRT,471,10.86,-6.662179,162.9,-6.66218
CRT,472,10.85,-11.6621428,162.75,-11.66214
CRT,473,10.85,-19.6620827,162.75,-19.66208
CRT,474,10.94,-19.6666222,164.1,-19.66662
CRT,475,10.93,-25.1665821,163.95,-25.16658
CRT,476,11.94,-25.1957951,179.1,-25.1958
CRT,477,11.94,-11.695797,179.1,-11.6958
CRT,478,11.94,-6.6957974,179.1,-6.6958
CRT,479,11.62,-6.6916924,174.3,-6.69169
CRU,480,11.94,-55.6957932,179.1,-55.69579
CRU,481,11.94,-64.6957855,179.1,-64.69579
CRU,482,12.96,-64.6769638,-165.6,-64.67696
CRU,483,12.96,-55.6771049,-165.6,-55.6771
CYG,484,19.34,27.7324085,-69.9,27.73241
CYG,485,19.34,30.2321968,-69.9,30.2322
CYG,486,19.44,30.2493153,-68.4,30.24932
CYG,487,19.43,36.7487144,-68.55,36.74871
CYG,488,19.47,36.7558022,-67.95,36.7558
CYG,489,19.47,43.7550354,-67.95,43.75504
CYG,490,19.23,43.7149391,-71.55,43.71494
CYG,491,19.23,47.7143936,-71.55,47.71439
CYG,492,19.14,47.6998672,-72.9,47.69987
CYG,493,19.13,55.6984482,-73.05,55.69845
CYG,494,19.46,55.7560043,-68.1,55.756
CYG,495,19.45,58.2554703,-68.25,58.25547
CYG,496,19.81,58.3138733,-62.85,58.31387
CYG,497,19.8,59.8135414,-63,59.81354
CYG,498,20.04,59.851078,-59.4,59.85108
CYG,499,20.58,59.9322395,-51.3,59.93224
CYG,500,20.58,61.3486443,-51.3,61.34864
CYG,501,20.64,61.3576965,-50.4,61.3577
CYG,502,20.66,55.2753258,-50.1,55.27533
CYG,503,22.04,55.4364891,-29.4,55.43649
CYG,504,22.04,53.3532715,-29.4,53.35327
CYG,505,22.05,44.6036453,-29.25,44.60365
CYG,506,21.99,44.5982513,-30.15,44.59825
CYG,507,21.99,44.3482628,-30.15,44.34826
CYG,508,21.96,44.3451195,-30.6,44.34512
CYG,509,21.96,36.5953827,-30.6,36.59538
CYG,510,21.82,36.5815468,-32.7,36.58155
CYG,511,21.83,28.5817947,-32.55,28.58179
CYG,512,21.51,28.5480537,-37.35,28.54805
CYG,513,21.01,28.4871883,-44.85,28.48719
CYG,514,21,29.4871387,-45,29.48714
CYG,515,19.75,29.3010578,-63.75,29.30106
CYG,516,19.75,27.8011742,-63.75,27.80117
DEL,517,20.64,2.4360874,-50.4,2.43609
DEL,518,20.41,2.4021468,-53.85,2.40215
DEL,519,20.4,8.901824,-54,8.90182
DEL,520,20.24,8.8779116,-56.4,8.87791
DEL,521,20.24,16.1275158,-56.4,16.12752
DEL,522,20.35,16.1439629,-54.75,16.14396
DEL,523,20.34,20.8936996,-54.9,20.8937
DEL,524,20.66,20.9399471,-50.1,20.93995
DEL,525,20.66,19.9399967,-50.1,19.94
DEL,526,21.15,20.0046406,-42.75,20.00464
DEL,527,21.15,12.3382607,-42.75,12.33826
DEL,528,20.97,12.3157644,-45.45,12.31576
DEL,529,20.98,6.4826641,-45.3,6.48266
DEL,530,20.94,6.4771614,-45.9,6.47716
DEL,531,20.94,2.4773185,-45.9,2.47732
DOR,532,3.89,-52.7968445,58.35,-52.79684
DOR,533,4.05,-52.8228111,60.75,-52.82281
DOR,534,4.05,-56.1555862,60.75,-56.15559
DOR,535,4.38,-56.2093849,65.7,-56.20938
DOR,536,4.37,-58.7088547,65.55,-58.70885
DOR,537,4.62,-58.7506638,69.3,-58.75066
DOR,538,4.59,-67.2479248,68.85,-67.24792
DOR,539,4.57,-69.7467194,68.55,-69.74672
DOR,540,6.56,-70.1041336,98.4,-70.10413
DOR,541,6.6,-64.1070251,99,-64.10703
DOR,542,6.01,-64.0010529,90.15,-64.00105
DOR,543,6.02,-61.0020981,90.3,-61.0021
DOR,544,5.52,-60.9112892,82.8,-60.91129
DOR,545,5.53,-57.412262,82.95,-57.41226
DOR,546,5.04,-57.32304,75.6,-57.32304
DOR,547,5.05,-53.8238029,75.75,-53.8238
DOR,548,4.55,-53.7376366,68.25,-53.73764
DOR,549,4.56,-48.7384491,68.4,-48.73845
DOR,550,4.33,-48.6996651,64.95,-48.69967
DOR,551,4.14,-48.6699715,62.1,-48.66997
DOR,552,4.14,-50.6697006,62.1,-50.6697
DOR,553,3.89,-50.6304779,58.35,-50.63048
DRA,554,9.37,72.9741364,140.55,72.97414
DRA,555,9.48,81.4677658,142.2,81.46777
DRA,556,10.87,81.3396072,163.05,81.33961
DRA,557,10.85,79.3401794,162.75,79.34018
DRA,558,11.64,79.308342,174.6,79.30834
DRA,559,11.63,76.3084106,174.45,76.30841
DRA,560,13.05,76.3289108,-164.25,76.32891
DRA,561,13.07,69.329361,-163.95,69.32936
DRA,562,14.04,69.3991165,-149.4,69.39912
DRA,563,14.05,65.3996506,-149.25,65.39965
DRA,564,15.69,65.6023483,-124.65,65.60235
DRA,565,15.67,69.6009445,-124.95,69.60094
DRA,566,16.52,69.7383041,-112.2,69.7383
DRA,567,16.48,74.734787,-112.8,74.73479
DRA,568,17.44,74.9033127,-98.4,74.90331
DRA,569,17.35,79.8953476,-99.75,79.89535
DRA,570,17.84,79.9857483,-92.4,79.98575
DRA,571,17.45,85.9495697,-98.25,85.94957
DRA,572,20.58,86.4656219,-51.3,86.46562
DRA,573,20.91,80.4867859,-46.35,80.48679
DRA,574,20.04,80.3647766,-59.4,80.36478
DRA,575,20.12,75.3708725,-58.2,75.37087
DRA,576,20.64,75.4455261,-50.4,75.44553
DRA,577,20.69,67.449028,-49.65,67.44903
DRA,578,20.43,67.4129562,-53.55,67.41296
DRA,579,20.45,61.9143791,-53.25,61.91438
DRA,580,20.03,61.8506203,-59.55,61.85062
DRA,581,20.04,59.851078,-59.4,59.85108
DRA,582,19.8,59.8135414,-63,59.81354
DRA,583,19.81,58.3138733,-62.85,58.31387
DRA,584,19.45,58.2554703,-68.25,58.25547
DRA,585,19.46,55.7560043,-68.1,55.756
DRA,586,19.13,55.6984482,-73.05,55.69845
DRA,587,19.14,47.6998672,-72.9,47.69987
DRA,588,18.29,47.5476036,-85.65,47.5476
DRA,589,18.28,50.5470886,-85.8,50.54709
DRA,590,17.05,50.3244438,-104.25,50.32444
DRA,591,17.05,51.3242683,-104.25,51.32427
DRA,592,15.81,51.1176796,-122.85,51.11768
DRA,593,15.81,52.6174774,-122.85,52.61748
DRA,594,15.31,52.5451736,-130.35,52.54517
DRA,595,15.31,55.0448647,-130.35,55.04486
DRA,596,14.48,54.9422379,-142.8,54.94224
DRA,597,14.47,62.4414825,-142.95,62.44148
DRA,598,13.57,62.3593979,-156.45,62.3594
DRA,599,13.57,63.3593445,-156.45,63.35934
DRA,600,12.11,63.3039627,-178.35,63.30396
DRA,601,12.11,65.8039627,-178.35,65.80396
DRA,602,11.46,65.8126068,171.9,65.81261
DRA,603,11.46,72.8125,171.9,72.8125
EQU,604,20.94,2.4773185,-45.9,2.47732
EQU,605,20.94,6.4771614,-45.9,6.47716
EQU,606,20.98,6.4826641,-45.3,6.48266
EQU,607,20.97,12.3157644,-45.45,12.31576
EQU,608,21.15,12.3382607,-42.75,12.33826
EQU,609,21.22,12.3465548,-41.7,12.34655
EQU,610,21.22,13.0132008,-41.7,13.0132
EQU,611,21.43,13.0390635,-38.55,13.03906
EQU,612,21.44,2.5393796,-38.4,2.53938
ERI,613,3.69,0.4037257,55.35,0.40373
ERI,614,4.72,0.2375014,70.8,0.2375
ERI,615,4.77,0.2289162,71.55,0.22892
ERI,616,4.77,-3.7708201,71.55,-3.77082
ERI,617,5.19,-3.8437285,77.85,-3.84373
ERI,618,5.18,-10.8432293,77.7,-10.84323
ERI,619,5.01,-10.8138046,75.15,-10.8138
ERI,620,5.01,-14.3135529,75.15,-14.31355
ERI,621,4.93,-14.2989721,73.95,-14.29897
ERI,622,4.92,-27.0479794,73.8,-27.04798
ERI,623,4.78,-27.0248775,71.7,-27.02488
ERI,624,4.78,-29.7746429,71.7,-29.77464
ERI,625,4.67,-29.7546597,70.05,-29.75466
ERI,626,4.66,-36.7540054,69.9,-36.75401
ERI,627,4.34,-36.7010231,65.1,-36.70102
ERI,628,4.34,-39.7007294,65.1,-39.70073
ERI,629,3.94,-39.6368256,59.1,-39.63683
ERI,630,3.94,-43.6364403,59.1,-43.63644
ERI,631,3.49,-43.5694046,52.35,-43.5694
ERI,632,3.49,-45.5692215,52.35,-45.56922
ERI,633,3.07,-45.5124779,46.05,-45.51248
ERI,634,3.07,-48.5122337,46.05,-48.51223
ERI,635,2.74,-48.4710045,41.1,-48.471
ERI,636,2.74,-50.4708595,41.1,-50.47086
ERI,637,2.49,-50.4425697,37.35,-50.44257
ERI,638,2.49,-53.4423561,37.35,-53.44236
ERI,639,2.24,-53.4164696,33.6,-53.41647
ERI,640,2.23,-57.9161568,33.45,-57.91616
ERI,641,1.41,-57.8484154,21.15,-57.84842
ERI,642,1.42,-52.8485603,21.3,-52.84856
ERI,643,1.66,-52.8658562,24.9,-52.86586
ERI,644,1.67,-50.865921,25.05,-50.86592
ERI,645,1.91,-50.8859215,28.65,-50.88592
ERI,646,1.92,-47.5527229,28.8,-47.55272
ERI,647,2.41,-47.6004944,36.15,-47.60049
ERI,648,2.42,-39.4342155,36.3,-39.43422
ERI,649,3.08,-39.5128975,46.2,-39.5129
ERI,650,3.08,-39.0962563,46.2,-39.09626
ERI,651,3.58,-39.1650963,53.7,-39.1651
ERI,652,3.58,-35.5820351,53.7,-35.58204
ERI,653,3.83,-35.6192436,57.45,-35.61924
ERI,654,3.84,-24.0033779,57.6,-24.00338
ERI,655,2.74,-23.8536034,41.1,-23.8536
ERI,656,2.76,-1.2210265,41.4,-1.22103
ERI,657,3.39,-1.3029516,50.85,-1.30295
ERI,658,3.69,-1.3461887,55.35,-1.34619
FOR,659,1.76,-23.756258,26.4,-23.75626
FOR,660,2.74,-23.8536034,41.1,-23.8536
FOR,661,3.84,-24.0033779,57.6,-24.00338
FOR,662,3.83,-35.6192436,57.45,-35.61924
FOR,663,3.58,-35.5820351,53.7,-35.58204
FOR,664,3.58,-39.1650963,53.7,-39.1651
FOR,665,3.08,-39.0962563,46.2,-39.09626
FOR,666,3.08,-39.5128975,46.2,-39.5129
FOR,667,2.42,-39.4342155,36.3,-39.43422
FOR,668,1.76,-39.3726234,26.4,-39.37262
FOR,669,1.76,-24.8729095,26.4,-24.87291
GEM,670,6.42,11.9332972,96.3,11.9333
GEM,671,6.43,17.4328651,96.45,17.43287
GEM,672,6.34,17.4495068,95.1,17.44951
GEM,673,6.34,21.4491768,95.1,21.44918
GEM,674,6.01,21.5098724,90.15,21.50987
GEM,675,6.01,22.8430862,90.15,22.84309
GEM,676,6.01,28.0092907,90.15,28.00929
GEM,677,6.66,27.8913116,99.9,27.89131
GEM,678,6.67,35.390564,100.05,35.39056
GEM,679,7.5,35.2445297,112.5,35.24453
GEM,680,7.89,35.1810532,118.35,35.18105
GEM,681,7.88,33.1812286,118.2,33.18123
GEM,682,8.13,33.1415138,121.95,33.14151
GEM,683,8.13,27.6419144,121.95,27.64191
GEM,684,8.01,27.6602821,120.15,27.66028
GEM,685,8,19.66082,120,19.66082
GEM,686,7.93,19.6728077,118.95,19.67281
GEM,687,7.92,13.1732168,118.8,13.17322
GEM,688,7.62,13.2238064,114.3,13.22381
GEM,689,7.62,12.2238722,114.3,12.22387
GEM,690,7.12,12.309598,106.8,12.3096
GEM,691,7.11,9.8097754,106.65,9.80978
GEM,692,7.05,9.8214874,105.75,9.82149
GEM,693,7.05,11.8213453,105.75,11.82135
GRU,694,21.46,-36.4592972,-38.1,-36.4593
GRU,695,21.47,-44.9588585,-37.95,-44.95886
GRU,696,21.47,-49.4585724,-37.95,-49.45857
GRU,697,22.13,-49.3911743,-28.05,-49.39117
GRU,698,22.14,-56.3908348,-27.9,-56.39083
GRU,699,23.45,-56.3126869,-8.25,-56.31269
GRU,700,23.45,-39.3127594,-8.25,-39.31276
GRU,701,23.45,-36.312767,-8.25,-36.31277
GRU,702,23.12,-36.3249741,-13.2,-36.32497
HER,703,16.37,3.7033811,-114.45,3.70338
HER,704,16.19,3.6735139,-117.15,3.67351
HER,705,16.18,15.6728001,-117.3,15.6728
HER,706,16.01,15.6463346,-119.85,15.64633
HER,707,16.01,21.6459675,-119.85,21.64597
HER,708,16.12,21.6644115,-118.2,21.66441
HER,709,16.12,25.6641407,-118.2,25.66414
HER,710,16.25,25.6855946,-116.25,25.68559
HER,711,16.25,26.685524,-116.25,26.68552
HER,712,16.42,26.7128716,-113.7,26.71287
HER,713,16.4,39.7117195,-114,39.71172
HER,714,15.82,39.6189079,-122.7,39.61891
HER,715,15.81,51.1176796,-122.85,51.11768
HER,716,17.05,51.3242683,-104.25,51.32427
HER,717,17.05,50.3244438,-104.25,50.32444
HER,718,18.28,50.5470886,-85.8,50.54709
HER,719,18.29,47.5476036,-85.65,47.5476
HER,720,18.23,47.5369873,-86.55,47.53699
HER,721,18.25,30.039156,-86.25,30.03916
HER,722,18.45,30.0739765,-83.25,30.07398
HER,723,18.45,26.0743504,-83.25,26.07435
HER,724,18.95,26.1640968,-75.75,26.1641
HER,725,18.95,25.6641407,-75.75,25.66414
HER,726,18.96,21.2478352,-75.6,21.24784
HER,727,18.96,18.6647091,-75.6,18.66471
HER,728,18.96,12.1651964,-75.6,12.1652
HER,729,18.76,12.1287737,-78.6,12.12877
HER,730,18.35,12.0543308,-84.75,12.05433
HER,731,18.34,14.3874788,-84.9,14.38748
HER,732,17.35,14.2060347,-99.75,14.20603
HER,733,17.35,12.7061481,-99.75,12.70615
HER,734,16.85,12.617938,-107.25,12.61794
HER,735,16.85,3.7852108,-107.25,3.78521
HOR,736,4.34,-39.7007294,65.1,-39.70073
HOR,737,4.33,-48.6996651,64.95,-48.69967
HOR,738,4.14,-48.6699715,62.1,-48.66997
HOR,739,4.14,-50.6697006,62.1,-50.6697
HOR,740,3.89,-50.6304779,58.35,-50.63048
HOR,741,3.89,-52.7968445,58.35,-52.79684
HOR,742,3.56,-52.7470779,53.4,-52.74708
HOR,743,3.55,-57.0797844,53.25,-57.07978
HOR,744,3.25,-57.0377846,48.75,-57.03778
HOR,745,3.22,-67.03582,48.3,-67.03582
HOR,746,2.21,-66.9151917,33.15,-66.91519
HOR,747,2.23,-57.9161568,33.45,-57.91616
HOR,748,2.24,-53.4164696,33.6,-53.41647
HOR,749,2.49,-53.4423561,37.35,-53.44236
HOR,750,2.49,-50.4425697,37.35,-50.44257
HOR,751,2.74,-50.4708595,41.1,-50.47086
HOR,752,2.74,-48.4710045,41.1,-48.471
HOR,753,3.07,-48.5122337,46.05,-48.51223
HOR,754,3.07,-45.5124779,46.05,-45.51248
HOR,755,3.49,-45.5692215,52.35,-45.56922
HOR,756,3.49,-43.5694046,52.35,-43.5694
HOR,757,3.94,-43.6364403,59.1,-43.63644
HOR,758,3.94,-39.6368256,59.1,-39.63683
HYA,759,8.19,-0.36939,122.85,-0.36939
HYA,760,8.19,6.6302376,122.85,6.63024
HYA,761,9.36,6.4700689,140.4,6.47007
HYA,762,9.69,6.4327669,145.35,6.43277
HYA,763,9.69,-0.5670585,145.35,-0.56706
HYA,764,9.68,-11.566781,145.2,-11.56678
HYA,765,10.85,-11.6621428,162.75,-11.66214
HYA,766,10.85,-19.6620827,162.75,-19.66208
HYA,767,10.94,-19.6666222,164.1,-19.66662
HYA,768,10.93,-25.1665821,163.95,-25.16658
HYA,769,11.94,-25.1957951,179.1,-25.1958
HYA,770,12.69,-25.1864014,-169.65,-25.1864
HYA,771,12.69,-22.686409,-169.65,-22.68641
HYA,772,12.94,-22.6773415,-165.9,-22.67734
HYA,773,14.37,-22.5727749,-144.45,-22.57277
HYA,774,14.37,-25.0727024,-144.45,-25.0727
HYA,775,15.04,-24.9951096,-134.4,-24.99511
HYA,776,15.04,-29.9948788,-134.4,-29.99488
HYA,777,12.69,-30.1863899,-169.65,-30.18639
HYA,778,12.7,-33.6863785,-169.5,-33.68638
HYA,779,12.36,-33.6938934,-174.6,-33.69389
HYA,780,12.36,-35.6938896,-174.6,-35.69389
HYA,781,11.1,-35.6746559,166.5,-35.67466
HYA,782,10.93,-35.6664963,163.95,-35.6665
HYA,783,10.93,-31.8332005,163.95,-31.8332
HYA,784,10.68,-31.8185863,160.2,-31.81859
HYA,785,10.68,-29.8186131,160.2,-29.81861
HYA,786,10.35,-29.7947845,155.25,-29.79478
HYA,787,10.35,-27.1281624,155.25,-27.12816
HYA,788,9.84,-27.0835037,147.6,-27.0835
HYA,789,9.85,-24.5835705,147.75,-24.58357
HYA,790,9.46,-24.5425186,141.9,-24.54252
HYA,791,9.18,-24.5086308,137.7,-24.50863
HYA,792,9.18,-19.508831,137.7,-19.50883
HYA,793,8.68,-19.4423733,130.2,-19.44237
HYA,794,8.68,-17.4424706,130.2,-17.44247
HYA,795,8.46,-17.4112568,126.9,-17.41126
HYA,796,8.47,-11.4115648,127.05,-11.41156
HYA,797,8.18,-11.3687992,122.7,-11.3688
HYI,798,4.59,-67.2479248,68.85,-67.24792
HYI,799,4.57,-69.7467194,68.55,-69.74672
HYI,800,4.53,-74.7431641,67.95,-74.74316
HYI,801,3.47,-74.5741272,52.05,-74.57413
HYI,802,3.34,-82.0644531,50.1,-82.06445
HYI,803,0.1,-81.8039551,1.5,-81.80396
HYI,804,0.1,-74.3039627,1.5,-74.30396
HYI,805,0.82,-74.318573,12.3,-74.31857
HYI,806,0.82,-75.3185272,12.3,-75.31853
HYI,807,1.38,-75.3472214,20.7,-75.34722
HYI,808,1.41,-57.8484154,21.15,-57.84842
HYI,809,2.23,-57.9161568,33.45,-57.91616
HYI,810,2.21,-66.9151917,33.15,-66.91519
HYI,811,3.22,-67.03582,48.3,-67.03582
IND,812,21.55,-74.4544678,-36.75,-74.45447
IND,813,23.47,-74.3124619,-7.95,-74.31246
IND,814,23.46,-66.8125992,-8.1,-66.8126
IND,815,22.16,-66.8899918,-27.6,-66.88999
IND,816,22.14,-56.3908348,-27.9,-56.39083
IND,817,22.13,-49.3911743,-28.05,-49.39117
IND,818,21.47,-49.4585724,-37.95,-49.45857
IND,819,21.47,-44.9588585,-37.95,-44.95886
IND,820,20.48,-45.0900002,-52.8,-45.09
IND,821,20.5,-56.5885773,-52.5,-56.58858
IND,822,20.5,-59.5880547,-52.5,-59.58805
IND,823,21.49,-59.4576836,-37.65,-59.45768
LAC,824,21.96,36.5953827,-30.6,36.59538
LAC,825,21.96,44.3451195,-30.6,44.34512
LAC,826,21.99,44.3482628,-30.15,44.34826
LAC,827,21.99,44.5982513,-30.15,44.59825
LAC,828,22.05,44.6036453,-29.25,44.60365
LAC,829,22.04,53.3532715,-29.4,53.35327
LAC,830,22.21,53.3679428,-26.85,53.36794
LAC,831,22.21,55.6178436,-26.85,55.61784
LAC,832,22.4,55.6326256,-24,55.63263
LAC,833,22.39,56.882576,-24.15,56.88258
LAC,834,22.95,56.9179611,-15.75,56.91796
LAC,835,22.96,53.1680298,-15.6,53.16803
LAC,836,22.96,35.1682358,-15.6,35.16824
LAC,837,22.91,35.1656151,-16.35,35.16562
LAC,838,22.91,35.6656113,-16.35,35.66561
LAC,839,22.09,35.6069336,-28.65,35.60693
LAC,840,22.09,36.6069069,-28.65,36.60691
LMI,841,9.38,32.9691162,140.7,32.96912
LMI,842,9.38,39.2188187,140.7,39.21882
LMI,843,9.71,39.1817665,145.65,39.18177
LMI,844,9.71,41.431675,145.65,41.43168
LMI,845,10.29,41.3773613,154.35,41.37736
LMI,846,10.29,39.3774109,154.35,39.37741
LMI,847,10.9,39.3356133,163.5,39.33561
LMI,848,10.9,33.3356781,163.5,33.33568
LMI,849,11.11,33.3249931,166.65,33.32499
LMI,850,11.11,28.3250256,166.65,28.32503
LMI,851,11.11,24.8250446,166.65,24.82504
LMI,852,10.86,24.8375893,162.9,24.83759
LMI,853,10.86,22.8376045,162.9,22.8376
LMI,854,10.61,22.8529778,159.15,22.85298
LMI,855,10.62,27.8529167,159.3,27.85292
LMI,856,10,27.9024086,150,27.90241
LMI,857,10.01,32.9022789,150.15,32.90228
LEO,858,10.86,-0.6622211,162.9,-0.66222
LEO,859,10.86,6.3377299,162.9,6.33773
LEO,860,9.69,6.4327669,145.35,6.43277
LEO,861,9.36,6.4700689,140.4,6.47007
LEO,862,9.38,32.9691162,140.7,32.96912
LEO,863,10.01,32.9022789,150.15,32.90228
LEO,864,10,27.9024086,150,27.90241
LEO,865,10.62,27.8529167,159.3,27.85292
LEO,866,10.61,22.8529778,159.15,22.85298
LEO,867,10.86,22.8376045,162.9,22.8376
LEO,868,10.86,24.8375893,162.9,24.83759
LEO,869,11.11,24.8250446,166.65,24.82504
LEO,870,11.11,28.3250256,166.65,28.32503
LEO,871,11.97,28.3040466,179.55,28.30405
LEO,872,11.97,13.3040485,179.55,13.30405
LEO,873,11.97,10.3040485,179.55,10.30405
LEO,874,11.62,10.3082914,174.3,10.30829
LEO,875,11.62,-0.6916979,174.3,-0.6917
LEO,876,11.62,-6.6916924,174.3,-6.69169
LEO,877,10.86,-6.662179,162.9,-6.66218
LEP,878,4.92,-27.0479794,73.8,-27.04798
LEP,879,5.08,-27.0772038,76.2,-27.0772
LEP,880,6.2,-27.2787991,93,-27.2788
LEP,881,6.21,-11.0301533,93.15,-11.03015
LEP,882,5.93,-10.9785318,88.95,-10.97853
LEP,883,5.18,-10.8432293,77.7,-10.84323
LEP,884,5.01,-10.8138046,75.15,-10.8138
LEP,885,5.01,-14.3135529,75.15,-14.31355
LEP,886,4.93,-14.2989721,73.95,-14.29897
LIB,887,15.19,-0.4742887,-132.15,-0.47429
LIB,888,14.77,-0.5269387,-138.45,-0.52694
LIB,889,14.78,-8.5266848,-138.3,-8.52668
LIB,890,14.36,-8.5731344,-144.6,-8.57313
LIB,891,14.37,-22.5727749,-144.45,-22.57277
LIB,892,14.37,-25.0727024,-144.45,-25.0727
LIB,893,15.04,-24.9951096,-134.4,-24.99511
LIB,894,15.04,-29.9948788,-134.4,-29.99488
LIB,895,15.8,-29.889616,-123,-29.88962
LIB,896,15.79,-20.3902016,-123.15,-20.3902
LIB,897,16.04,-20.3516178,-119.4,-20.35162
LIB,898,16.03,-8.3523235,-119.55,-8.35232
LIB,899,16.03,-3.602587,-119.55,-3.60259
LIB,900,15.19,-3.72416,-132.15,-3.72416
LUP,901,14.31,-55.5799522,-145.35,-55.57995
LUP,902,14.68,-55.5400887,-139.8,-55.54009
LUP,903,15.21,-55.4754944,-131.85,-55.47549
LUP,904,15.2,-54.4756165,-132,-54.47562
LUP,905,15.49,-54.4364166,-127.65,-54.43642
LUP,906,15.48,-48.4371071,-127.8,-48.43711
LUP,907,15.82,-48.3880234,-122.7,-48.38802
LUP,908,15.81,-42.3886375,-122.85,-42.38864
LUP,909,16.14,-42.3366776,-117.9,-42.33668
LUP,910,16.13,-29.8377628,-118.05,-29.83776
LUP,911,15.8,-29.889616,-123,-29.88962
LUP,912,15.04,-29.9948788,-134.4,-29.99488
LUP,913,15.05,-42.494175,-134.25,-42.49418
LUP,914,14.3,-42.5806465,-145.5,-42.58065
LYN,915,7.5,35.2445297,112.5,35.24453
LYN,916,7.52,44.2435493,112.8,44.24355
LYN,917,6.95,44.3418388,104.25,44.34184
LYN,918,6.96,49.8410034,104.4,49.841
LYN,919,6.66,49.8945885,99.9,49.89459
LYN,920,6.67,53.8938293,100.05,53.89383
LYN,921,6.27,53.9662552,94.05,53.96626
LYN,922,6.28,55.9658089,94.2,55.96581
LYN,923,6.29,61.9641266,94.35,61.96413
LYN,924,7.19,61.8031464,107.85,61.80315
LYN,925,7.18,59.8037262,107.7,59.80373
LYN,926,8.14,59.6433983,122.1,59.6434
LYN,927,8.59,59.5759888,128.85,59.57599
LYN,928,8.56,46.5777283,128.4,46.57773
LYN,929,9.31,46.4782791,139.65,46.47828
LYN,930,9.3,41.4785957,139.5,41.4786
LYN,931,9.71,41.431675,145.65,41.43168
LYN,932,9.71,39.1817665,145.65,39.18177
LYN,933,9.38,39.2188187,140.7,39.21882
LYN,934,9.38,32.9691162,140.7,32.96912
LYN,935,8.13,33.1415138,121.95,33.14151
LYN,936,7.88,33.1812286,118.2,33.18123
LYN,937,7.89,35.1810532,118.35,35.18105
LYR,938,18.95,25.6641407,-75.75,25.66414
LYR,939,18.95,26.1640968,-75.75,26.1641
LYR,940,18.45,26.0743504,-83.25,26.07435
LYR,941,18.45,30.0739765,-83.25,30.07398
LYR,942,18.25,30.039156,-86.25,30.03916
LYR,943,18.23,47.5369873,-86.55,47.53699
LYR,944,18.29,47.5476036,-85.65,47.5476
LYR,945,19.14,47.6998672,-72.9,47.69987
LYR,946,19.23,47.7143936,-71.55,47.71439
LYR,947,19.23,43.7149391,-71.55,43.71494
LYR,948,19.47,43.7550354,-67.95,43.75504
LYR,949,19.47,36.7558022,-67.95,36.7558
LYR,950,19.43,36.7487144,-68.55,36.74871
LYR,951,19.44,30.2493153,-68.4,30.24932
LYR,952,19.34,30.2321968,-69.9,30.2322
LYR,953,19.34,27.7324085,-69.9,27.73241
LYR,954,19.34,25.7325745,-69.9,25.73257
MEN,955,7.27,-85.2614441,109.05,-85.26144
MEN,956,3.22,-84.5553818,48.3,-84.55538
MEN,957,3.34,-82.0644531,50.1,-82.06445
MEN,958,3.47,-74.5741272,52.05,-74.57413
MEN,959,4.53,-74.7431641,67.95,-74.74316
MEN,960,4.57,-69.7467194,68.55,-69.74672
MEN,961,6.56,-70.1041336,98.4,-70.10413
MEN,962,6.52,-75.1000366,97.8,-75.10004
MEN,963,7.61,-75.289917,114.15,-75.28992
MEN,964,7.44,-82.7758865,111.6,-82.77589
MIC,965,20.46,-27.5913391,-53.1,-27.59134
MIC,966,21.46,-27.4596672,-38.1,-27.45967
MIC,967,21.46,-36.4592972,-38.1,-36.4593
MIC,968,21.47,-44.9588585,-37.95,-44.95886
MIC,969,20.48,-45.0900002,-52.8,-45.09
MON,970,6.35,-0.0537102,95.25,-0.05371
MON,971,6.36,9.9455481,95.4,9.94555
MON,972,6.42,9.9334478,96.3,9.93345
MON,973,6.42,11.9332972,96.3,11.9333
MON,974,7.05,11.8213453,105.75,11.82135
MON,975,7.05,9.8214874,105.75,9.82149
MON,976,7.11,9.8097754,106.65,9.80978
MON,977,7.11,5.3100886,106.65,5.31009
MON,978,7.13,5.307168,106.95,5.30717
MON,979,7.12,1.3074419,106.8,1.30744
MON,980,7.31,1.2755718,109.65,1.27557
MON,981,7.31,-0.224329,109.65,-0.22433
MON,982,8.19,-0.36939,122.85,-0.36939
MON,983,8.18,-11.3687992,122.7,-11.3688
MON,984,7.46,-11.2521448,111.9,-11.25214
MON,985,6.21,-11.0301533,93.15,-11.03015
MON,986,5.93,-10.9785318,88.95,-10.97853
MON,987,5.94,-3.9790573,89.1,-3.97906
MON,988,6.35,-4.0534163,95.25,-4.05342
MUS,989,11.34,-64.6842651,170.1,-64.68427
MUS,990,11.32,-75.6840134,169.8,-75.68401
MUS,991,13.85,-75.6235962,-152.25,-75.6236
MUS,992,13.83,-70.6244431,-152.55,-70.62444
MUS,993,13.82,-65.6249542,-152.7,-65.62495
MUS,994,13.65,-65.6378784,-155.25,-65.63788
MUS,995,13.65,-64.6379395,-155.25,-64.63794
MUS,996,12.96,-64.6769638,-165.6,-64.67696
MUS,997,11.94,-64.6957855,179.1,-64.69579
NOR,998,15.5,-60.4354935,-127.5,-60.43549
NOR,999,16.6,-60.2644577,-111,-60.26446
NOR,1000,16.57,-45.7670517,-111.45,-45.76705
NOR,1001,16.57,-42.2674789,-111.45,-42.26748
NOR,1002,16.14,-42.3366776,-117.9,-42.33668
NOR,1003,15.81,-42.3886375,-122.85,-42.38864
NOR,1004,15.82,-48.3880234,-122.7,-48.38802
NOR,1005,15.48,-48.4371071,-127.8,-48.43711
NOR,1006,15.49,-54.4364166,-127.65,-54.43642
NOR,1007,15.2,-54.4756165,-132,-54.47562
NOR,1008,15.21,-55.4754944,-131.85,-55.47549
NOR,1009,15.49,-55.4362831,-127.65,-55.43628
OCT,1010,0.05,-89.3039017,0.75,-89.3039
OCT,1011,0.1,-81.8039551,1.5,-81.80396
OCT,1012,3.34,-82.0644531,50.1,-82.06445
OCT,1013,3.22,-84.5553818,48.3,-84.55538
OCT,1014,7.27,-85.2614441,109.05,-85.26144
OCT,1015,7.44,-82.7758865,111.6,-82.77589
OCT,1016,13.94,-83.1200714,-150.9,-83.12007
OCT,1017,18.46,-82.4582748,-83.1,-82.45827
OCT,1018,18.28,-74.9745178,-85.8,-74.97452
OCT,1019,21.55,-74.4544678,-36.75,-74.45447
OCT,1020,23.47,-74.3124619,-7.95,-74.31246
OCT,1021,0.1,-74.3039627,1.5,-74.30396
OCT,1022,0.05,-89.3039017,0.75,-89.3039
OCT,1023,0.05,-89.303894,0.75,-89.30389
OPH,1024,16.37,-0.2963768,-114.45,-0.29638
OPH,1025,16.37,3.7033811,-114.45,3.70338
OPH,1026,16.85,3.7852108,-107.25,3.78521
OPH,1027,16.85,12.617938,-107.25,12.61794
OPH,1028,17.35,12.7061481,-99.75,12.70615
OPH,1029,17.35,14.2060347,-99.75,14.20603
OPH,1030,18.34,14.3874788,-84.9,14.38748
OPH,1031,18.35,12.0543308,-84.75,12.05433
OPH,1032,18.76,12.1287737,-78.6,12.12877
OPH,1033,18.76,6.3791943,-78.6,6.37919
OPH,1034,18.35,6.3047633,-84.75,6.30476
OPH,1035,18.35,4.554893,-84.75,4.55489
OPH,1036,18.52,4.5860157,-82.2,4.58602
OPH,1037,18.53,3.0861249,-82.05,3.08612
OPH,1038,18.35,3.0550034,-84.75,3.055
OPH,1039,18.36,0.0552235,-84.6,0.05522
OPH,1040,17.94,-0.0206471,-90.9,-0.02065
OPH,1041,17.94,-4.0203514,-90.9,-4.02035
OPH,1042,18.08,-3.9960551,-88.8,-3.99606
OPH,1043,18.08,-9.9956055,-88.8,-9.99561
OPH,1044,17.78,-10.0502338,-93.3,-10.05023
OPH,1045,17.78,-11.7167768,-93.3,-11.71678
OPH,1046,17.7,-11.7319136,-94.5,-11.73191
OPH,1047,17.7,-10.0653696,-94.5,-10.06537
OPH,1048,17.28,-10.1404381,-100.8,-10.14044
OPH,1049,17.29,-16.1399899,-100.65,-16.13999
OPH,1050,17.72,-16.061882,-94.2,-16.06188
OPH,1051,17.73,-30.0606632,-94.05,-30.06066
OPH,1052,16.88,-30.2123089,-106.8,-30.21231
OPH,1053,16.88,-24.7960968,-106.8,-24.7961
OPH,1054,16.39,-24.8781185,-114.15,-24.87812
OPH,1055,16.39,-19.545166,-114.15,-19.54517
OPH,1056,16.5,-19.5271549,-112.5,-19.52715
OPH,1057,16.5,-18.5272255,-112.5,-18.52723
OPH,1058,16.39,-18.5452347,-114.15,-18.54523
OPH,1059,16.38,-8.2958899,-114.3,-8.29589
OPH,1060,16.03,-8.3523235,-119.55,-8.35232
OPH,1061,16.03,-3.602587,-119.55,-3.60259
OPH,1062,16.38,-3.54618,-114.3,-3.54618
ORI,1063,4.72,0.2375014,70.8,0.2375
ORI,1064,4.74,15.7364635,71.1,15.73646
ORI,1065,5.09,15.6755352,76.35,15.67554
ORI,1066,5.09,16.175499,76.35,16.1755
ORI,1067,5.45,16.1101055,81.75,16.11011
ORI,1068,5.45,15.6101446,81.75,15.61014
ORI,1069,5.72,15.5619202,85.8,15.56192
ORI,1070,5.72,12.5621548,85.8,12.56215
ORI,1071,5.88,12.5318508,88.2,12.53185
ORI,1072,5.89,18.0314159,88.35,18.03142
ORI,1073,5.82,18.0435486,87.3,18.04355
ORI,1074,5.83,22.8764725,87.45,22.87647
ORI,1075,6.01,22.8430862,90.15,22.84309
ORI,1076,6.01,21.5098724,90.15,21.50987
ORI,1077,6.34,21.4491768,95.1,21.44918
ORI,1078,6.34,17.4495068,95.1,17.44951
ORI,1079,6.43,17.4328651,96.45,17.43287
ORI,1080,6.42,11.9332972,96.3,11.9333
ORI,1081,6.42,9.9334478,96.3,9.93345
ORI,1082,6.36,9.9455481,95.4,9.94555
ORI,1083,6.35,-0.0537102,95.25,-0.05371
ORI,1084,6.35,-4.0534163,95.25,-4.05342
ORI,1085,5.94,-3.9790573,89.1,-3.97906
ORI,1086,5.93,-10.9785318,88.95,-10.97853
ORI,1087,5.18,-10.8432293,77.7,-10.84323
ORI,1088,5.19,-3.8437285,77.85,-3.84373
ORI,1089,4.77,-3.7708201,71.55,-3.77082
ORI,1090,4.77,0.2289162,71.55,0.22892
PAV,1091,18.28,-74.9745178,-85.8,-74.97452
PAV,1092,21.55,-74.4544678,-36.75,-74.45447
PAV,1093,21.49,-59.4576836,-37.65,-59.45768
PAV,1094,20.5,-59.5880547,-52.5,-59.58805
PAV,1095,20.5,-56.5885773,-52.5,-56.58858
PAV,1096,18.18,-56.9837723,-87.3,-56.98377
PAV,1097,17.68,-57.0747757,-94.8,-57.07478
PAV,1098,17.72,-67.571106,-94.2,-67.57111
PAV,1099,18.22,-67.4800797,-86.7,-67.48008
PEG,1100,21.44,2.5393796,-38.4,2.53938
PEG,1101,21.43,13.0390635,-38.55,13.03906
PEG,1102,21.22,13.0132008,-41.7,13.0132
PEG,1103,21.22,12.3465548,-41.7,12.34655
PEG,1104,21.15,12.3382607,-42.75,12.33826
PEG,1105,21.15,20.0046406,-42.75,20.00464
PEG,1106,21.35,20.0290813,-39.75,20.02908
PEG,1107,21.34,24.0289364,-39.9,24.02894
PEG,1108,21.51,24.0482101,-37.35,24.04821
PEG,1109,21.51,28.5480537,-37.35,28.54805
PEG,1110,21.83,28.5817947,-32.55,28.58179
PEG,1111,21.82,36.5815468,-32.7,36.58155
PEG,1112,21.96,36.5953827,-30.6,36.59538
PEG,1113,22.09,36.6069069,-28.65,36.60691
PEG,1114,22.09,35.6069336,-28.65,35.60693
PEG,1115,22.91,35.6656113,-16.35,35.66561
PEG,1116,22.91,35.1656151,-16.35,35.16562
PEG,1117,22.96,35.1682358,-15.6,35.16824
PEG,1118,23.6,35.1913109,-6,35.19131
PEG,1119,23.6,32.7746468,-6,32.77465
PEG,1120,23.86,32.7785072,-2.1,32.77851
PEG,1121,23.86,32.0285034,-2.1,32.0285
PEG,1122,0.11,32.0293655,1.65,32.02937
PEG,1123,0.11,28.6960354,1.65,28.69604
PEG,1124,0.17,28.6957588,2.55,28.69576
PEG,1125,0.17,22.6957588,2.55,22.69576
PEG,1126,0.25,22.6951923,3.75,22.69519
PEG,1127,0.25,21.6951923,3.75,21.69519
PEG,1128,0.25,13.1951942,3.75,13.19519
PEG,1129,0.11,13.1960354,1.65,13.19604
PEG,1130,0.11,10.6960354,1.65,10.69604
PEG,1131,23.94,10.695797,-0.9,10.6958
PEG,1132,23.94,8.195797,-0.9,8.1958
PEG,1133,22.85,8.1621685,-17.25,8.16217
PEG,1134,22.86,2.6622071,-17.1,2.66221
PEG,1135,22.11,2.6076074,-28.35,2.60761
PEG,1136,22.11,2.3576119,-28.35,2.35761
PEG,1137,21.77,2.325691,-33.45,2.32569
PEG,1138,21.77,3.3256676,-33.45,3.32567
PEG,1139,21.57,3.3043909,-36.45,3.30439
PEG,1140,21.57,2.5544112,-36.45,2.55441
PER,1141,2.84,31.1865025,42.6,31.1865
PER,1142,2.84,34.5196762,42.6,34.51968
PER,1143,2.69,34.5375137,40.35,34.53751
PER,1144,2.7,37.2873878,40.5,37.28739
PER,1145,2.65,37.2931557,39.75,37.29316
PER,1146,2.66,51.0423737,39.9,51.04237
PER,1147,2.18,51.0925827,32.7,51.09258
PER,1148,2.17,47.5927505,32.55,47.59275
PER,1149,1.8,47.625843,27,47.62584
PER,1150,1.8,50.6257439,27,50.62574
PER,1151,1.49,50.6478767,22.35,50.64788
PER,1152,1.5,54.6477699,22.5,54.64777
PER,1153,1.84,54.6228828,27.6,54.62288
PER,1154,1.84,58.1227188,27.6,58.12272
PER,1155,2.05,58.1046753,30.75,58.10468
PER,1156,2.05,59.1046104,30.75,59.10461
PER,1157,2.59,59.0511551,38.85,59.05116
PER,1158,2.58,57.5513,38.7,57.5513
PER,1159,3.26,57.4684982,48.9,57.4685
PER,1160,3.33,57.4593849,49.95,57.45938
PER,1161,3.32,55.4596519,49.8,55.45965
PER,1162,3.49,55.4362831,52.35,55.43628
PER,1163,3.49,52.9366074,52.35,52.93661
PER,1164,4.86,52.7196465,72.9,52.71965
PER,1165,4.83,36.2218513,72.45,36.22185
PER,1166,4.64,36.254715,69.6,36.25472
PER,1167,4.63,30.921875,69.45,30.92188
PER,1168,3.5,31.1003609,52.5,31.10036
PHE,1169,23.45,-39.3127594,-8.25,-39.31276
PHE,1170,23.45,-56.3126869,-8.25,-56.31269
PHE,1171,23.45,-57.8126793,-8.25,-57.81268
PHE,1172,1.41,-57.8484154,21.15,-57.84842
PHE,1173,1.42,-52.8485603,21.3,-52.84856
PHE,1174,1.66,-52.8658562,24.9,-52.86586
PHE,1175,1.67,-50.865921,25.05,-50.86592
PHE,1176,1.91,-50.8859215,28.65,-50.88592
PHE,1177,1.92,-47.5527229,28.8,-47.55272
PHE,1178,2.41,-47.6004944,36.15,-47.60049
PHE,1179,2.42,-39.4342155,36.3,-39.43422
PHE,1180,1.76,-39.3726234,26.4,-39.37262
PYX,1181,8.46,-17.4112568,126.9,-17.41126
PYX,1182,8.68,-17.4424706,130.2,-17.44247
PYX,1183,8.68,-19.4423733,130.2,-19.44237
PYX,1184,9.18,-19.508831,137.7,-19.50883
PYX,1185,9.18,-24.5086308,137.7,-24.50863
PYX,1186,9.46,-24.5425186,141.9,-24.54252
PYX,1187,9.45,-37.2920151,141.75,-37.29202
PYX,1188,8.45,-37.160038,126.75,-37.16004
PIC,1189,6.06,-43.0057793,90.9,-43.00578
PIC,1190,5.06,-42.8255501,75.9,-42.82555
PIC,1191,4.9,-42.7963676,73.5,-42.79637
PIC,1192,4.89,-46.2959023,73.35,-46.2959
PIC,1193,4.56,-46.2387962,68.4,-46.2388
PIC,1194,4.56,-48.7384491,68.4,-48.73845
PIC,1195,4.55,-53.7376366,68.25,-53.73764
PIC,1196,5.05,-53.8238029,75.75,-53.8238
PIC,1197,5.04,-57.32304,75.6,-57.32304
PIC,1198,5.53,-57.412262,82.95,-57.41226
PIC,1199,5.52,-60.9112892,82.8,-60.91129
PIC,1200,6.02,-61.0020981,90.3,-61.0021
PIC,1201,6.01,-64.0010529,90.15,-64.00105
PIC,1202,6.6,-64.1070251,99,-64.10703
PIC,1203,6.85,-64.1518784,102.75,-64.15188
PIC,1204,6.87,-58.1537018,103.05,-58.1537
PIC,1205,6.53,-58.0938416,97.95,-58.09384
PIC,1206,6.54,-55.0945587,98.1,-55.09456
PIC,1207,6.21,-55.03405,93.15,-55.03405
PIC,1208,6.21,-52.5345764,93.15,-52.53458
PIC,1209,6.05,-52.5042114,90.75,-52.50421
PIC,1210,6.05,-50.7545471,90.75,-50.75455
PSC,1211,22.86,0.6622211,-17.1,0.66222
PSC,1212,22.86,2.6622071,-17.1,2.66221
PSC,1213,22.85,8.1621685,-17.25,8.16217
PSC,1214,23.94,8.195797,-0.9,8.1958
PSC,1215,23.94,10.695797,-0.9,10.6958
PSC,1216,0.11,10.6960354,1.65,10.69604
PSC,1217,0.11,13.1960354,1.65,13.19604
PSC,1218,0.25,13.1951942,3.75,13.19519
PSC,1219,0.25,21.6951923,3.75,21.69519
PSC,1220,0.96,21.6766376,14.4,21.67664
PSC,1221,0.96,24.4266243,14.4,24.42662
PSC,1222,0.83,24.4319324,12.45,24.43193
PSC,1223,0.83,33.6818962,12.45,33.6819
PSC,1224,1.53,33.6453705,22.95,33.64537
PSC,1225,1.52,28.6454391,22.8,28.64544
PSC,1226,1.78,28.6262817,26.7,28.62628
PSC,1227,1.78,25.6263351,26.7,25.62634
PSC,1228,1.78,10.5432396,26.7,10.54324
PSC,1229,2.11,10.5143948,31.65,10.51439
PSC,1230,2.11,2.5978806,31.65,2.59788
PSC,1231,0.44,2.6925383,6.6,2.69254
PSC,1232,0.44,0.6925398,6.6,0.69254
PSC,1233,0.44,-6.3074551,6.6,-6.30746
PSC,1234,23.94,-6.3042021,-0.9,-6.3042
PSC,1235,23.94,-3.3042023,-0.9,-3.3042
PSC,1236,22.86,-3.3377509,-17.1,-3.33775
PSA,1237,23.11,-24.8250446,-13.35,-24.82504
PSA,1238,21.98,-24.9040413,-30.3,-24.90404
PSA,1239,21.45,-24.9597607,-38.25,-24.95976
PSA,1240,21.46,-27.4596672,-38.1,-27.45967
PSA,1241,21.46,-36.4592972,-38.1,-36.4593
PSA,1242,23.12,-36.3249741,-13.2,-36.32497
PUP,1243,7.46,-11.2521448,111.9,-11.25214
PUP,1244,7.45,-33.2504692,111.75,-33.25047
PUP,1245,6.66,-33.1128159,99.9,-33.11282
PUP,1246,6.65,-43.1116486,99.75,-43.11165
PUP,1247,6.06,-43.0057793,90.9,-43.00578
PUP,1248,6.05,-50.7545471,90.75,-50.75455
PUP,1249,8.06,-51.1025848,120.9,-51.10258
PUP,1250,8.07,-43.3535042,121.05,-43.3535
PUP,1251,8.44,-43.4095192,126.6,-43.40952
PUP,1252,8.45,-37.160038,126.75,-37.16004
PUP,1253,8.46,-17.4112568,126.9,-17.41126
PUP,1254,8.47,-11.4115648,127.05,-11.41156
PUP,1255,8.18,-11.3687992,122.7,-11.3688
RET,1256,3.22,-67.03582,48.3,-67.03582
RET,1257,4.59,-67.2479248,68.85,-67.24792
RET,1258,4.62,-58.7506638,69.3,-58.75066
RET,1259,4.37,-58.7088547,65.55,-58.70885
RET,1260,4.38,-56.2093849,65.7,-56.20938
RET,1261,4.05,-56.1555862,60.75,-56.15559
RET,1262,4.05,-52.8228111,60.75,-52.82281
RET,1263,3.89,-52.7968445,58.35,-52.79684
RET,1264,3.56,-52.7470779,53.4,-52.74708
RET,1265,3.55,-57.0797844,53.25,-57.07978
RET,1266,3.25,-57.0377846,48.75,-57.03778
SGE,1267,18.96,18.6647091,-75.6,18.66471
SGE,1268,18.96,21.2478352,-75.6,21.24784
SGE,1269,19.34,21.3148155,-69.9,21.31482
SGE,1270,19.34,19.3982983,-69.9,19.3983
SGE,1271,19.93,19.4955387,-61.05,19.49554
SGE,1272,19.92,21.5787334,-61.2,21.57873
SGE,1273,20.34,21.6436558,-54.9,21.64366
SGE,1274,20.34,20.8936996,-54.9,20.8937
SGE,1275,20.35,16.1439629,-54.75,16.14396
SGE,1276,20.24,16.1275158,-56.4,16.12752
SGE,1277,19.93,16.0790844,-61.05,16.07908
SGE,1278,19.93,16.4957294,-61.05,16.49573
SGE,1279,19.09,16.3550682,-73.65,16.35507
SGE,1280,19.09,18.6882229,-73.65,18.68822
SGR,1281,18.98,-11.866436,-75.3,-11.86644
SGR,1282,18.99,-15.8328123,-75.15,-15.83281
SGR,1283,18.37,-15.943572,-84.45,-15.94357
SGR,1284,17.72,-16.061882,-94.2,-16.06188
SGR,1285,17.73,-30.0606632,-94.05,-30.06066
SGR,1286,17.97,-30.0182076,-90.45,-30.01821
SGR,1287,17.98,-37.0174599,-90.3,-37.01746
SGR,1288,19.31,-36.7785645,-70.35,-36.77856
SGR,1289,19.32,-45.277565,-70.2,-45.27757
SGR,1290,20.48,-45.0900002,-52.8,-45.09
SGR,1291,20.46,-27.5913391,-53.1,-27.59134
SGR,1292,20.13,-27.6419144,-58.05,-27.64191
SGR,1293,20.12,-11.6762342,-58.2,-11.67623
SCO,1294,16.03,-8.3523235,-119.55,-8.35232
SCO,1295,16.38,-8.2958899,-114.3,-8.29589
SCO,1296,16.39,-18.5452347,-114.15,-18.54523
SCO,1297,16.5,-18.5272255,-112.5,-18.52723
SCO,1298,16.5,-19.5271549,-112.5,-19.52715
SCO,1299,16.39,-19.545166,-114.15,-19.54517
SCO,1300,16.39,-24.8781185,-114.15,-24.87812
SCO,1301,16.88,-24.7960968,-106.8,-24.7961
SCO,1302,16.88,-30.2123089,-106.8,-30.21231
SCO,1303,17.73,-30.0606632,-94.05,-30.06066
SCO,1304,17.97,-30.0182076,-90.45,-30.01821
SCO,1305,17.98,-37.0174599,-90.3,-37.01746
SCO,1306,17.99,-45.516346,-90.15,-45.51635
SCO,1307,16.57,-45.7670517,-111.45,-45.76705
SCO,1308,16.57,-42.2674789,-111.45,-42.26748
SCO,1309,16.14,-42.3366776,-117.9,-42.33668
SCO,1310,16.13,-29.8377628,-118.05,-29.83776
SCO,1311,15.8,-29.889616,-123,-29.88962
SCO,1312,15.79,-20.3902016,-123.15,-20.3902
SCO,1313,16.04,-20.3516178,-119.4,-20.35162
SCL,1314,23.11,-24.8250446,-13.35,-24.82504
SCL,1315,23.94,-24.8042011,-0.9,-24.8042
SCL,1316,1.76,-24.8729095,26.4,-24.87291
SCL,1317,1.76,-39.3726234,26.4,-39.37262
SCL,1318,23.45,-39.3127594,-8.25,-39.31276
SCL,1319,23.45,-36.312767,-8.25,-36.31277
SCL,1320,23.12,-36.3249741,-13.2,-36.32497
SCT,1321,18.37,-15.943572,-84.45,-15.94357
SCT,1322,18.99,-15.8328123,-75.15,-15.83281
SCT,1323,18.98,-11.866436,-75.3,-11.86644
SCT,1324,18.98,-3.8336766,-75.3,-3.83368
SCT,1325,18.69,-3.884223,-79.65,-3.88422
SCT,1326,18.36,-3.9444826,-84.6,-3.94448
SER1,1327,15.19,-0.4742887,-132.15,-0.47429
SER1,1328,15.19,7.525393,-132.15,7.52539
SER1,1329,15.17,25.5246105,-132.45,25.52461
SER1,1330,15.27,25.5380573,-130.95,25.53806
SER1,1331,16.12,25.6641407,-118.2,25.66414
SER1,1332,16.12,21.6644115,-118.2,21.66441
SER1,1333,16.01,21.6459675,-119.85,21.64597
SER1,1334,16.01,15.6463346,-119.85,15.64633
SER1,1335,16.18,15.6728001,-117.3,15.6728
SER1,1336,16.19,3.6735139,-117.15,3.67351
SER1,1337,16.37,3.7033811,-114.45,3.70338
SER1,1338,16.37,-0.2963768,-114.45,-0.29638
SER1,1339,16.38,-3.54618,-114.3,-3.54618
SER1,1340,16.03,-3.602587,-119.55,-3.60259
SER1,1341,15.19,-3.72416,-132.15,-3.72416
SER2,1342,18.36,0.0552235,-84.6,0.05522
SER2,1343,18.35,3.0550034,-84.75,3.055
SER2,1344,18.53,3.0867271,-82.05,3.08673
SER2,1345,18.53,4.5866175,-82.05,4.58662
SER2,1346,18.35,4.554893,-84.75,4.55489
SER2,1347,18.35,6.3047633,-84.75,6.30476
SER2,1348,18.76,6.3791943,-78.6,6.37919
SER2,1349,18.97,6.4156075,-75.45,6.41561
SER2,1350,18.97,2.1659052,-75.45,2.16591
SER2,1351,18.69,2.115346,-79.65,2.11535
SER2,1352,18.69,0.1154895,-79.65,0.11549
SER2,1353,18.69,-3.884223,-79.65,-3.88422
SER2,1354,18.36,-3.9444826,-84.6,-3.94448
SER2,1355,18.37,-15.943572,-84.45,-15.94357
SER2,1356,17.72,-16.061882,-94.2,-16.06188
SER2,1357,17.29,-16.1399899,-100.65,-16.13999
SER2,1358,17.28,-10.1404381,-100.8,-10.14044
SER2,1359,17.7,-10.0653696,-94.5,-10.06537
SER2,1360,17.7,-11.7319136,-94.5,-11.73191
SER2,1361,17.78,-11.7167768,-93.3,-11.71678
SER2,1362,17.78,-10.0502338,-93.3,-10.05023
SER2,1363,18.08,-9.9956055,-88.8,-9.99561
SER2,1364,18.08,-3.9960551,-88.8,-3.99606
SER2,1365,17.94,-4.0203514,-90.9,-4.02035
SER2,1366,17.94,-0.0206471,-90.9,-0.02065
SEX,1367,9.69,-0.5670585,145.35,-0.56706
SEX,1368,9.69,6.4327669,145.35,6.43277
SEX,1369,10.86,6.3377299,162.9,6.33773
SEX,1370,10.86,-0.6622211,162.9,-0.66222
SEX,1371,10.86,-6.662179,162.9,-6.66218
SEX,1372,10.85,-11.6621428,162.75,-11.66214
SEX,1373,9.68,-11.566781,145.2,-11.56678
TAU,1374,3.39,-1.3029516,50.85,-1.30295
TAU,1375,3.39,0.4469725,50.85,0.44697
TAU,1376,3.4,10.3632069,51,10.36321
TAU,1377,3.4,19.4461136,51,19.44611
TAU,1378,3.49,19.4343338,52.35,19.43433
TAU,1379,3.5,31.1003609,52.5,31.10036
TAU,1380,4.63,30.921875,69.45,30.92188
TAU,1381,4.63,30.2552605,69.45,30.25526
TAU,1382,4.88,30.2123089,73.2,30.21231
TAU,1383,4.88,28.7124405,73.2,28.71244
TAU,1384,6.02,28.509243,90.3,28.50924
TAU,1385,6.01,28.0092907,90.15,28.00929
TAU,1386,6.01,22.8430862,90.15,22.84309
TAU,1387,5.83,22.8764725,87.45,22.87647
TAU,1388,5.82,18.0435486,87.3,18.04355
TAU,1389,5.89,18.0314159,88.35,18.03142
TAU,1390,5.88,12.5318508,88.2,12.53185
TAU,1391,5.72,12.5621548,85.8,12.56215
TAU,1392,5.72,15.5619202,85.8,15.56192
TAU,1393,5.45,15.6101446,81.75,15.61014
TAU,1394,5.45,16.1101055,81.75,16.11011
TAU,1395,5.09,16.175499,76.35,16.1755
TAU,1396,5.09,15.6755352,76.35,15.67554
TAU,1397,4.74,15.7364635,71.1,15.73646
TAU,1398,4.72,0.2375014,70.8,0.2375
TAU,1399,3.69,0.4037257,55.35,0.40373
TAU,1400,3.69,-1.3461887,55.35,-1.34619
TEL,1401,20.5,-56.5885773,-52.5,-56.58858
TEL,1402,20.48,-45.0900002,-52.8,-45.09
TEL,1403,19.32,-45.277565,-70.2,-45.27757
TEL,1404,18.15,-45.4859734,-87.75,-45.48597
TEL,1405,18.18,-56.9837723,-87.3,-56.98377
TRA,1406,14.94,-70.5115433,-135.9,-70.51154
TRA,1407,14.93,-68.012207,-136.05,-68.01221
TRA,1408,15.1,-67.9909286,-133.5,-67.99093
TRA,1409,15.09,-64.0751266,-133.65,-64.07513
TRA,1410,15.34,-64.0415649,-129.9,-64.04156
TRA,1411,15.34,-61.4587479,-129.9,-61.45875
TRA,1412,15.51,-61.4353065,-127.35,-61.43531
TRA,1413,15.5,-60.4354935,-127.5,-60.43549
TRA,1414,16.6,-60.2644577,-111,-60.26446
TRA,1415,16.61,-61.2641945,-110.85,-61.26419
TRA,1416,16.77,-61.2364578,-108.45,-61.23646
TRA,1417,16.78,-63.8189964,-108.3,-63.819
TRA,1418,16.95,-63.7900925,-105.75,-63.79009
TRA,1419,16.95,-65.2062531,-105.75,-65.20625
TRA,1420,17.04,-65.1916428,-104.4,-65.19164
TRA,1421,17.05,-67.6905823,-104.25,-67.69058
TRA,1422,17.22,-67.661087,-101.7,-67.66109
TRA,1423,17.23,-70.1597443,-101.55,-70.15974
TRI,1424,1.78,25.6263351,26.7,25.62634
TRI,1425,1.78,28.6262817,26.7,28.62628
TRI,1426,1.52,28.6454391,22.8,28.64544
TRI,1427,1.53,33.6453705,22.95,33.64537
TRI,1428,1.53,35.6453362,22.95,35.64534
TRI,1429,2.12,35.5971375,31.8,35.59714
TRI,1430,2.12,37.347084,31.8,37.34708
TRI,1431,2.65,37.2931557,39.75,37.29316
TRI,1432,2.7,37.2873878,40.5,37.28739
TRI,1433,2.69,34.5375137,40.35,34.53751
TRI,1434,2.84,34.5196762,42.6,34.51968
TRI,1435,2.84,31.1865025,42.6,31.1865
TRI,1436,2.54,31.2213154,38.1,31.22132
TRI,1437,2.54,27.8047638,38.1,27.80476
TRI,1438,2.04,27.8550186,30.6,27.85502
TRI,1439,2.03,25.6050701,30.45,25.60507
TUC,1440,23.47,-74.3124619,-7.95,-74.31246
TUC,1441,0.1,-74.3039627,1.5,-74.30396
TUC,1442,0.82,-74.318573,12.3,-74.31857
TUC,1443,0.82,-75.3185272,12.3,-75.31853
TUC,1444,1.38,-75.3472214,20.7,-75.34722
TUC,1445,1.41,-57.8484154,21.15,-57.84842
TUC,1446,23.45,-57.8126793,-8.25,-57.81268
TUC,1447,23.45,-56.3126869,-8.25,-56.31269
TUC,1448,22.14,-56.3908348,-27.9,-56.39083
TUC,1449,22.16,-66.8899918,-27.6,-66.88999
TUC,1450,23.46,-66.8125992,-8.1,-66.8126
UMA,1451,9.71,41.431675,145.65,41.43168
UMA,1452,9.3,41.4785957,139.5,41.4786
UMA,1453,9.31,46.4782791,139.65,46.47828
UMA,1454,8.56,46.5777283,128.4,46.57773
UMA,1455,8.59,59.5759888,128.85,59.57599
UMA,1456,8.14,59.6433983,122.1,59.6434
UMA,1457,8.21,73.1383743,123.15,73.13837
UMA,1458,9.37,72.9741364,140.55,72.97414
UMA,1459,11.46,72.8125,171.9,72.8125
UMA,1460,11.46,65.8126068,171.9,65.81261
UMA,1461,12.11,65.8039627,-178.35,65.80396
UMA,1462,12.11,63.3039627,-178.35,63.30396
UMA,1463,13.57,63.3593445,-156.45,63.35934
UMA,1464,13.57,62.3593979,-156.45,62.3594
UMA,1465,14.47,62.4414825,-142.95,62.44148
UMA,1466,14.48,54.9422379,-142.8,54.94224
UMA,1467,14.11,54.9035759,-148.35,54.90358
UMA,1468,14.11,47.9039383,-148.35,47.90394
UMA,1469,13.59,47.8599281,-156.15,47.85993
UMA,1470,13.58,52.3598061,-156.3,52.35981
UMA,1471,12.19,52.3043365,-177.15,52.30434
UMA,1472,12.19,44.3043365,-177.15,44.30434
UMA,1473,12.11,44.3039627,-178.35,44.30396
UMA,1474,12.11,33.3039627,-178.35,33.30396
UMA,1475,12.11,28.3039627,-178.35,28.30396
UMA,1476,11.97,28.3040466,179.55,28.30405
UMA,1477,11.11,28.3250256,166.65,28.32503
UMA,1478,11.11,33.3249931,166.65,33.32499
UMA,1479,10.9,33.3356781,163.5,33.33568
UMA,1480,10.9,39.3356133,163.5,39.33561
UMA,1481,10.29,39.3774109,154.35,39.37741
UMA,1482,10.29,41.3773613,154.35,41.37736
UMI,1483,13.05,76.3289108,-164.25,76.32891
UMI,1484,13.07,69.329361,-163.95,69.32936
UMI,1485,14.04,69.3991165,-149.4,69.39912
UMI,1486,14.05,65.3996506,-149.25,65.39965
UMI,1487,15.69,65.6023483,-124.65,65.60235
UMI,1488,15.67,69.6009445,-124.95,69.60094
UMI,1489,16.52,69.7383041,-112.2,69.7383
UMI,1490,16.48,74.734787,-112.8,74.73479
UMI,1491,17.44,74.9033127,-98.4,74.90331
UMI,1492,17.35,79.8953476,-99.75,79.89535
UMI,1493,17.84,79.9857483,-92.4,79.98575
UMI,1494,17.45,85.9495697,-98.25,85.94957
UMI,1495,20.58,86.4656219,-51.3,86.46562
UMI,1496,20.56,86.6306305,-51.6,86.63063
UMI,1497,22.9,86.8368912,-16.5,86.83689
UMI,1498,22.62,88.663887,-20.7,88.66389
UMI,1499,9.06,87.5689163,135.9,87.56892
UMI,1500,8.69,86.0975418,130.35,86.09754
UMI,1501,14.2,85.930809,-147,85.93081
UMI,1502,14.45,79.4449844,-143.25,79.44498
UMI,1503,13.59,79.3629303,-156.15,79.36293
UMI,1504,13.61,76.3638153,-155.85,76.36382
VEL,1505,11.09,-57.1744423,166.35,-57.17444
VEL,1506,11.1,-40.4246216,166.5,-40.42462
VEL,1507,9.45,-40.2918739,141.75,-40.29187
VEL,1508,9.45,-37.2920151,141.75,-37.29202
VEL,1509,8.45,-37.160038,126.75,-37.16004
VEL,1510,8.44,-43.4095192,126.6,-43.40952
VEL,1511,8.07,-43.3535042,121.05,-43.3535
VEL,1512,8.06,-51.1025848,120.9,-51.10258
VEL,1513,8.23,-51.1285286,123.45,-51.12853
VEL,1514,8.22,-53.3782196,123.3,-53.37822
VEL,1515,8.51,-53.4206772,127.65,-53.42068
VEL,1516,8.5,-54.9204712,127.5,-54.92047
VEL,1517,8.89,-54.9742203,133.35,-54.97422
VEL,1518,8.89,-56.9739723,133.35,-56.97397
VIR,1519,11.62,-0.6916979,174.3,-0.6917
VIR,1520,11.62,10.3082914,174.3,10.30829
VIR,1521,11.97,10.3040485,179.55,10.30405
VIR,1522,11.97,13.3040485,179.55,13.30405
VIR,1523,12.94,13.3225126,-165.9,13.32251
VIR,1524,12.94,14.3225088,-165.9,14.32251
VIR,1525,13.6,14.3604937,-156,14.36049
VIR,1526,13.6,7.3605771,-156,7.36058
VIR,1527,15.19,7.525393,-132.15,7.52539
VIR,1528,15.19,-0.4742887,-132.15,-0.47429
VIR,1529,14.77,-0.5269387,-138.45,-0.52694
VIR,1530,14.78,-8.5266848,-138.3,-8.52668
VIR,1531,14.36,-8.5731344,-144.6,-8.57313
VIR,1532,14.37,-22.5727749,-144.45,-22.57277
VIR,1533,12.94,-22.6773415,-165.9,-22.67734
VIR,1534,12.94,-11.6773882,-165.9,-11.67739
VIR,1535,11.94,-11.695797,179.1,-11.6958
VIR,1536,11.94,-6.6957974,179.1,-6.6958
VIR,1537,11.62,-6.6916924,174.3,-6.69169
VOL,1538,6.6,-64.1070251,99,-64.10703
VOL,1539,6.56,-70.1041336,98.4,-70.10413
VOL,1540,6.52,-75.1000366,97.8,-75.10004
VOL,1541,7.61,-75.289917,114.15,-75.28992
VOL,1542,9.02,-75.4954681,135.3,-75.49547
VOL,1543,9.07,-64.4990387,136.05,-64.49904
VOL,1544,6.85,-64.1518784,102.75,-64.15188
VUL,1545,18.96,21.2478352,-75.6,21.24784
VUL,1546,18.95,25.6641407,-75.75,25.66414
VUL,1547,19.34,25.7325745,-69.9,25.73257
VUL,1548,19.34,27.7324085,-69.9,27.73241
VUL,1549,19.75,27.8011742,-63.75,27.80117
VUL,1550,19.75,29.3010578,-63.75,29.30106
VUL,1551,21,29.4871387,-45,29.48714
VUL,1552,21.01,28.4871883,-44.85,28.48719
VUL,1553,21.51,28.5480537,-37.35,28.54805
VUL,1554,21.51,24.0482101,-37.35,24.04821
VUL,1555,21.34,24.0289364,-39.9,24.02894
VUL,1556,21.35,20.0290813,-39.75,20.02908
VUL,1557,21.15,20.0046406,-42.75,20.00464
VUL,1558,20.66,19.9399967,-50.1,19.94
VUL,1559,20.66,20.9399471,-50.1,20.93995
VUL,1560,20.34,20.8936996,-54.9,20.8937
VUL,1561,20.34,21.6436558,-54.9,21.64366
VUL,1562,19.92,21.5787334,-61.2,21.57873
VUL,1563,19.93,19.4955387,-61.05,19.49554
VUL,1564,19.34,19.3982983,-69.9,19.3983
VUL,1565,19.34,21.3148155,-69.9,21.31482
